device_id,area,timestamp,voltage,current,power,energy,temperature,occupancy
ADMIN-01,Administrative Office,2026-08-22 16:43:37,226.6,2.21,500.79,0.1252,26.2,1
CLASS-01,Classroom 1,2026-08-22 16:43:37,231.2,0.37,85.54,0.0214,28.4,0
LAB-01,Computer Laboratory 1,2026-08-22 16:43:37,231.4,3.31,765.93,0.1915,25.6,2
LAB-02,Computer Laboratory 2,2026-08-22 16:43:37,229.9,3.98,915.0,0.2288,25.5,3
LIB-01,Library,2026-08-22 16:43:37,229.2,2.37,543.2,0.1358,24.3,2
ADMIN-01,Administrative Office,2026-08-22 16:58:37,230.1,1.65,379.66,0.2201,26.3,0
CLASS-01,Classroom 1,2026-08-22 16:58:37,231.0,0.56,129.36,0.0537,28.6,0
LAB-01,Computer Laboratory 1,2026-08-22 16:58:37,228.1,3.47,791.51,0.3894,25.7,3
LAB-02,Computer Laboratory 2,2026-08-22 16:58:37,234.1,2.28,533.75,0.3622,25.1,0
LIB-01,Library,2026-08-22 16:58:37,224.3,2.72,610.1,0.2883,24.6,3
ADMIN-01,Administrative Office,2026-08-22 17:13:37,229.6,2.11,484.46,0.3412,24.5,0
CLASS-01,Classroom 1,2026-08-22 17:13:37,230.0,0.32,73.6,0.0721,26.4,0
LAB-01,Computer Laboratory 1,2026-08-22 17:13:37,227.8,4.34,988.65,0.6366,24.5,4
LAB-02,Computer Laboratory 2,2026-08-22 17:13:37,233.2,3.64,848.85,0.5744,24.0,3
LIB-01,Library,2026-08-22 17:13:37,232.0,2.31,535.92,0.4223,23.3,2
ADMIN-01,Administrative Office,2026-08-22 17:28:37,231.8,2.06,477.51,0.4606,24.9,0
CLASS-01,Classroom 1,2026-08-22 17:28:37,228.7,0.48,109.78,0.0995,26.3,0
LAB-01,Computer Laboratory 1,2026-08-22 17:28:37,226.0,3.39,766.14,0.8281,23.6,3
LAB-02,Computer Laboratory 2,2026-08-22 17:28:37,228.0,2.74,624.72,0.7306,23.5,0
LIB-01,Library,2026-08-22 17:28:37,229.5,2.62,601.29,0.5726,23.0,3
ADMIN-01,Administrative Office,2026-08-22 17:43:37,232.5,2.27,527.77,0.5925,24.2,1
CLASS-01,Classroom 1,2026-08-22 17:43:37,229.6,0.34,78.06,0.119,26.4,0
LAB-01,Computer Laboratory 1,2026-08-22 17:43:37,229.7,2.59,594.92,0.9768,23.7,1
LAB-02,Computer Laboratory 2,2026-08-22 17:43:37,230.4,2.53,582.91,0.8763,23.9,1
LIB-01,Library,2026-08-22 17:43:37,235.6,3.52,829.31,0.7799,23.6,5
ADMIN-01,Administrative Office,2026-08-22 17:58:37,225.5,1.96,441.98,0.703,24.4,1
CLASS-01,Classroom 1,2026-08-22 17:58:37,231.0,0.56,129.36,0.1513,26.9,0
LAB-01,Computer Laboratory 1,2026-08-22 17:58:37,229.2,2.38,545.5,1.1132,23.6,0
LAB-02,Computer Laboratory 2,2026-08-22 17:58:37,230.5,3.41,786.0,1.0728,23.6,3
LIB-01,Library,2026-08-22 17:58:37,227.7,2.54,578.36,0.9245,23.7,0
ADMIN-01,Administrative Office,2026-08-22 18:13:37,229.1,0.75,171.82,0.746,24.9,0
CLASS-01,Classroom 1,2026-08-22 18:13:37,234.0,0.6,140.4,0.1864,26.3,0
LAB-01,Computer Laboratory 1,2026-08-22 18:13:37,229.7,0.99,227.4,1.1701,23.9,0
LAB-02,Computer Laboratory 2,2026-08-22 18:13:37,231.2,0.85,196.52,1.1219,23.4,0
LIB-01,Library,2026-08-22 18:13:37,229.9,2.78,639.12,1.0843,22.7,0
ADMIN-01,Administrative Office,2026-08-22 18:28:37,230.6,0.69,159.11,0.7858,24.5,0
CLASS-01,Classroom 1,2026-08-22 18:28:37,227.8,0.33,75.17,0.2052,26.8,0
LAB-01,Computer Laboratory 1,2026-08-22 18:28:37,225.0,0.99,222.75,1.2258,23.5,0
LAB-02,Computer Laboratory 2,2026-08-22 18:28:37,233.8,0.76,177.69,1.1663,24.2,0
LIB-01,Library,2026-08-22 18:28:37,235.4,2.24,527.3,1.2161,23.4,1
ADMIN-01,Administrative Office,2026-08-22 18:43:37,235.0,0.81,190.35,0.8334,24.6,0
CLASS-01,Classroom 1,2026-08-22 18:43:37,232.3,0.46,106.86,0.2319,26.8,0
LAB-01,Computer Laboratory 1,2026-08-22 18:43:37,230.6,0.71,163.73,1.2667,24.1,0
LAB-02,Computer Laboratory 2,2026-08-22 18:43:37,229.6,0.75,172.2,1.2093,24.0,0
LIB-01,Library,2026-08-22 18:43:37,232.8,3.18,740.3,1.4012,23.2,4
ADMIN-01,Administrative Office,2026-08-22 18:58:37,227.2,0.51,115.87,0.8624,24.3,0
CLASS-01,Classroom 1,2026-08-22 18:58:37,228.3,0.49,111.87,0.2599,26.2,0
LAB-01,Computer Laboratory 1,2026-08-22 18:58:37,231.2,0.68,157.22,1.306,24.2,0
LAB-02,Computer Laboratory 2,2026-08-22 18:58:37,234.5,1.14,267.33,1.2761,23.9,0
LIB-01,Library,2026-08-22 18:58:37,232.7,3.16,735.33,1.585,23.2,5
ADMIN-01,Administrative Office,2026-08-22 19:13:37,226.3,0.47,106.36,0.889,23.2,0
CLASS-01,Classroom 1,2026-08-22 19:13:37,231.0,0.6,138.6,0.2946,25.0,0
LAB-01,Computer Laboratory 1,2026-08-22 19:13:37,231.6,1.02,236.23,1.3651,23.1,0
LAB-02,Computer Laboratory 2,2026-08-22 19:13:37,230.9,1.04,240.14,1.3361,23.0,0
LIB-01,Library,2026-08-22 19:13:37,227.5,3.08,700.7,1.7602,22.5,4
ADMIN-01,Administrative Office,2026-08-22 19:28:37,225.0,0.8,180.0,0.934,23.9,0
CLASS-01,Classroom 1,2026-08-22 19:28:37,228.2,0.5,114.1,0.3231,24.8,0
LAB-01,Computer Laboratory 1,2026-08-22 19:28:37,230.1,1.01,232.4,1.4232,22.4,0
LAB-02,Computer Laboratory 2,2026-08-22 19:28:37,229.0,1.0,229.0,1.3934,22.7,0
LIB-01,Library,2026-08-22 19:28:37,228.1,2.59,590.78,1.9079,22.5,0
ADMIN-01,Administrative Office,2026-08-22 19:43:37,235.3,0.57,134.12,0.9675,23.5,0
CLASS-01,Classroom 1,2026-08-22 19:43:37,227.7,0.55,125.23,0.3544,24.6,0
LAB-01,Computer Laboratory 1,2026-08-22 19:43:37,228.2,0.7,159.74,1.4631,23.0,0
LAB-02,Computer Laboratory 2,2026-08-22 19:43:37,226.6,0.61,138.23,1.428,22.8,0
LIB-01,Library,2026-08-22 19:43:37,227.5,2.41,548.27,2.045,22.7,2
ADMIN-01,Administrative Office,2026-08-22 19:58:37,224.8,0.56,125.89,0.999,23.6,0
CLASS-01,Classroom 1,2026-08-22 19:58:37,226.6,0.43,97.44,0.3788,24.8,0
LAB-01,Computer Laboratory 1,2026-08-22 19:58:37,226.4,0.61,138.1,1.4976,22.3,0
LAB-02,Computer Laboratory 2,2026-08-22 19:58:37,231.1,0.86,198.75,1.4777,23.0,0
LIB-01,Library,2026-08-22 19:58:37,227.9,3.09,704.21,2.2211,22.7,4
ADMIN-01,Administrative Office,2026-08-22 20:13:37,226.9,0.75,170.18,1.0415,23.7,0
CLASS-01,Classroom 1,2026-08-22 20:13:37,232.4,0.37,85.99,0.4003,24.8,0
LAB-01,Computer Laboratory 1,2026-08-22 20:13:37,229.0,1.09,249.61,1.56,22.5,0
LAB-02,Computer Laboratory 2,2026-08-22 20:13:37,229.3,0.76,174.27,1.5213,22.7,0
LIB-01,Library,2026-08-22 20:13:37,232.2,0.62,143.96,2.2571,22.1,0
ADMIN-01,Administrative Office,2026-08-22 20:28:37,226.2,0.8,180.96,1.0867,23.2,0
CLASS-01,Classroom 1,2026-08-22 20:28:37,226.3,0.56,126.73,0.432,24.4,0
LAB-01,Computer Laboratory 1,2026-08-22 20:28:37,231.1,1.14,263.45,1.6259,23.1,0
LAB-02,Computer Laboratory 2,2026-08-22 20:28:37,233.2,0.66,153.91,1.5598,22.3,0
LIB-01,Library,2026-08-22 20:28:37,234.1,0.82,191.96,2.3051,21.9,0
ADMIN-01,Administrative Office,2026-08-22 20:43:37,233.1,0.74,172.49,1.1298,24.0,0
CLASS-01,Classroom 1,2026-08-22 20:43:37,225.9,0.42,94.88,0.4557,25.2,0
LAB-01,Computer Laboratory 1,2026-08-22 20:43:37,222.3,0.84,186.73,1.6726,23.0,0
LAB-02,Computer Laboratory 2,2026-08-22 20:43:37,232.0,0.73,169.36,1.6021,22.8,0
LIB-01,Library,2026-08-22 20:43:37,230.6,0.64,147.58,2.342,22.7,0
ADMIN-01,Administrative Office,2026-08-22 20:58:37,228.5,0.46,105.11,1.1561,23.0,0
CLASS-01,Classroom 1,2026-08-22 20:58:37,228.0,0.4,91.2,0.4785,24.9,0
LAB-01,Computer Laboratory 1,2026-08-22 20:58:37,230.6,0.62,142.97,1.7083,22.7,0
LAB-02,Computer Laboratory 2,2026-08-22 20:58:37,230.4,0.68,156.67,1.6413,22.1,0
LIB-01,Library,2026-08-22 20:58:37,229.8,1.1,252.78,2.4052,22.7,0
ADMIN-01,Administrative Office,2026-08-22 21:13:37,228.8,0.54,123.55,1.187,23.0,0
CLASS-01,Classroom 1,2026-08-22 21:13:37,229.8,0.52,119.5,0.5084,25.0,0
LAB-01,Computer Laboratory 1,2026-08-22 21:13:37,229.8,0.62,142.48,1.7439,22.5,0
LAB-02,Computer Laboratory 2,2026-08-22 21:13:37,229.9,0.72,165.53,1.6827,22.9,0
LIB-01,Library,2026-08-22 21:13:37,231.5,0.82,189.83,2.4527,22.7,0
ADMIN-01,Administrative Office,2026-08-22 21:28:37,230.0,0.83,190.9,1.2347,23.9,0
CLASS-01,Classroom 1,2026-08-22 21:28:37,223.7,0.51,114.09,0.5369,24.3,0
LAB-01,Computer Laboratory 1,2026-08-22 21:28:37,227.6,0.78,177.53,1.7883,22.5,0
LAB-02,Computer Laboratory 2,2026-08-22 21:28:37,227.3,0.67,152.29,1.7208,22.2,0
LIB-01,Library,2026-08-22 21:28:37,228.2,0.86,196.25,2.5018,21.9,0
ADMIN-01,Administrative Office,2026-08-22 21:43:37,230.2,0.8,184.16,1.2807,23.1,0
CLASS-01,Classroom 1,2026-08-22 21:43:37,228.0,0.47,107.16,0.5637,25.2,0
LAB-01,Computer Laboratory 1,2026-08-22 21:43:37,231.3,0.79,182.73,1.834,23.0,0
LAB-02,Computer Laboratory 2,2026-08-22 21:43:37,233.9,1.05,245.6,1.7822,23.1,0
LIB-01,Library,2026-08-22 21:43:37,232.9,0.65,151.39,2.5396,22.2,0
ADMIN-01,Administrative Office,2026-08-22 21:58:37,225.2,0.46,103.59,1.3066,23.4,0
CLASS-01,Classroom 1,2026-08-22 21:58:37,227.0,0.34,77.18,0.583,25.1,0
LAB-01,Computer Laboratory 1,2026-08-22 21:58:37,227.7,1.13,257.3,1.8983,22.2,0
LAB-02,Computer Laboratory 2,2026-08-22 21:58:37,233.0,1.11,258.63,1.8469,23.0,0
LIB-01,Library,2026-08-22 21:58:37,233.6,0.68,158.85,2.5793,22.5,0
ADMIN-01,Administrative Office,2026-08-22 22:13:37,227.1,0.89,202.12,1.3571,23.9,0
CLASS-01,Classroom 1,2026-08-22 22:13:37,233.0,0.59,137.47,0.6174,24.3,0
LAB-01,Computer Laboratory 1,2026-08-22 22:13:37,225.3,0.74,166.72,1.94,22.5,0
LAB-02,Computer Laboratory 2,2026-08-22 22:13:37,229.8,1.11,255.08,1.9107,22.7,0
LIB-01,Library,2026-08-22 22:13:37,233.6,0.87,203.23,2.6301,22.5,0
ADMIN-01,Administrative Office,2026-08-22 22:28:37,228.7,0.75,171.52,1.4,23.7,0
CLASS-01,Classroom 1,2026-08-22 22:28:37,232.4,0.52,120.85,0.6476,24.5,0
LAB-01,Computer Laboratory 1,2026-08-22 22:28:37,228.1,0.92,209.85,1.9925,22.1,0
LAB-02,Computer Laboratory 2,2026-08-22 22:28:37,227.3,0.61,138.65,1.9454,22.5,0
LIB-01,Library,2026-08-22 22:28:37,227.2,1.02,231.74,2.688,22.5,0
ADMIN-01,Administrative Office,2026-08-22 22:43:37,228.5,0.87,198.79,1.4497,23.8,0
CLASS-01,Classroom 1,2026-08-22 22:43:37,229.7,0.36,82.69,0.6683,24.7,0
LAB-01,Computer Laboratory 1,2026-08-22 22:43:37,231.3,0.68,157.28,2.0318,22.8,0
LAB-02,Computer Laboratory 2,2026-08-22 22:43:37,231.8,0.66,152.99,1.9836,23.0,0
LIB-01,Library,2026-08-22 22:43:37,231.1,0.78,180.26,2.7331,22.5,0
ADMIN-01,Administrative Office,2026-08-22 22:58:37,236.6,0.8,189.28,1.497,23.5,0
CLASS-01,Classroom 1,2026-08-22 22:58:37,223.5,0.54,120.69,0.6985,24.4,0
LAB-01,Computer Laboratory 1,2026-08-22 22:58:37,233.3,0.61,142.31,2.0674,23.0,0
LAB-02,Computer Laboratory 2,2026-08-22 22:58:37,230.3,0.85,195.75,2.0325,22.2,0
LIB-01,Library,2026-08-22 22:58:37,233.6,1.11,259.3,2.7979,22.8,0
ADMIN-01,Administrative Office,2026-08-22 23:13:37,226.8,0.78,176.9,1.5412,23.7,0
CLASS-01,Classroom 1,2026-08-22 23:13:37,232.0,0.39,90.48,0.7211,24.4,0
LAB-01,Computer Laboratory 1,2026-08-22 23:13:37,229.6,0.96,220.42,2.1225,22.9,0
LAB-02,Computer Laboratory 2,2026-08-22 23:13:37,228.2,1.0,228.2,2.0895,22.9,0
LIB-01,Library,2026-08-22 23:13:37,232.9,0.68,158.37,2.8375,21.9,0
ADMIN-01,Administrative Office,2026-08-22 23:28:37,227.8,0.88,200.46,1.5913,23.0,0
CLASS-01,Classroom 1,2026-08-22 23:28:37,232.3,0.57,132.41,0.7542,24.8,0
LAB-01,Computer Laboratory 1,2026-08-22 23:28:37,226.5,0.89,201.59,2.1729,22.7,0
LAB-02,Computer Laboratory 2,2026-08-22 23:28:37,230.9,0.87,200.88,2.1397,22.4,0
LIB-01,Library,2026-08-22 23:28:37,234.0,1.09,255.06,2.9013,22.1,0
ADMIN-01,Administrative Office,2026-08-22 23:43:37,233.5,0.82,191.47,1.6392,23.5,0
CLASS-01,Classroom 1,2026-08-22 23:43:37,231.6,0.34,78.74,0.7739,24.9,0
LAB-01,Computer Laboratory 1,2026-08-22 23:43:37,230.8,1.19,274.65,2.2416,22.3,0
LAB-02,Computer Laboratory 2,2026-08-22 23:43:37,227.2,1.02,231.74,2.1976,22.3,0
LIB-01,Library,2026-08-22 23:43:37,225.4,0.82,184.83,2.9475,22.1,0
ADMIN-01,Administrative Office,2026-08-22 23:58:37,225.9,0.71,160.39,1.6793,23.7,0
CLASS-01,Classroom 1,2026-08-22 23:58:37,230.8,0.33,76.16,0.7929,24.4,0
LAB-01,Computer Laboratory 1,2026-08-22 23:58:37,229.9,1.1,252.89,2.3048,23.1,0
LAB-02,Computer Laboratory 2,2026-08-22 23:58:37,226.4,1.13,255.83,2.2616,22.3,0
LIB-01,Library,2026-08-22 23:58:37,229.2,0.88,201.7,2.9979,22.0,0
ADMIN-01,Administrative Office,2026-08-23 00:13:37,231.1,0.51,117.86,1.7088,23.1,0
CLASS-01,Classroom 1,2026-08-23 00:13:37,233.9,0.4,93.56,0.8163,24.5,0
LAB-01,Computer Laboratory 1,2026-08-23 00:13:37,233.3,0.68,158.64,2.3445,22.9,0
LAB-02,Computer Laboratory 2,2026-08-23 00:13:37,227.8,0.6,136.68,2.2958,22.6,0
LIB-01,Library,2026-08-23 00:13:37,229.0,1.16,265.64,3.0643,21.9,0
ADMIN-01,Administrative Office,2026-08-23 00:28:37,225.7,0.77,173.79,1.7522,23.8,0
CLASS-01,Classroom 1,2026-08-23 00:28:37,230.3,0.47,108.24,0.8434,25.1,0
LAB-01,Computer Laboratory 1,2026-08-23 00:28:37,230.5,0.93,214.37,2.3981,22.7,0
LAB-02,Computer Laboratory 2,2026-08-23 00:28:37,233.2,1.13,263.52,2.3617,22.1,0
LIB-01,Library,2026-08-23 00:28:37,232.1,0.67,155.51,3.1032,22.7,0
ADMIN-01,Administrative Office,2026-08-23 00:43:37,233.9,0.84,196.48,1.8013,23.8,0
CLASS-01,Classroom 1,2026-08-23 00:43:37,229.5,0.57,130.81,0.8761,24.8,0
LAB-01,Computer Laboratory 1,2026-08-23 00:43:37,222.2,0.81,179.98,2.4431,23.1,0
LAB-02,Computer Laboratory 2,2026-08-23 00:43:37,231.8,1.06,245.71,2.4231,23.1,0
LIB-01,Library,2026-08-23 00:43:37,231.5,0.76,175.94,3.1472,22.8,0
ADMIN-01,Administrative Office,2026-08-23 00:58:37,234.5,0.68,159.46,1.8412,23.1,0
CLASS-01,Classroom 1,2026-08-23 00:58:37,228.8,0.59,134.99,0.9098,24.5,0
LAB-01,Computer Laboratory 1,2026-08-23 00:58:37,226.7,0.82,185.89,2.4896,22.7,0
LAB-02,Computer Laboratory 2,2026-08-23 00:58:37,232.2,0.92,213.62,2.4765,22.1,0
LIB-01,Library,2026-08-23 00:58:37,230.0,0.68,156.4,3.1863,22.3,0
ADMIN-01,Administrative Office,2026-08-23 01:13:37,233.1,0.81,188.81,1.8884,23.9,0
CLASS-01,Classroom 1,2026-08-23 01:13:37,226.2,0.43,97.27,0.9341,25.2,0
LAB-01,Computer Laboratory 1,2026-08-23 01:13:37,226.4,1.05,237.72,2.549,23.0,0
LAB-02,Computer Laboratory 2,2026-08-23 01:13:37,230.3,1.03,237.21,2.5358,22.8,0
LIB-01,Library,2026-08-23 01:13:37,233.2,0.97,226.2,3.2428,22.3,0
ADMIN-01,Administrative Office,2026-08-23 01:28:37,227.4,0.51,115.97,1.9174,23.8,0
CLASS-01,Classroom 1,2026-08-23 01:28:37,227.2,0.53,120.42,0.9642,24.4,0
LAB-01,Computer Laboratory 1,2026-08-23 01:28:37,228.8,1.04,237.95,2.6085,23.0,0
LAB-02,Computer Laboratory 2,2026-08-23 01:28:37,228.2,0.91,207.66,2.5877,22.7,0
LIB-01,Library,2026-08-23 01:28:37,232.0,0.93,215.76,3.2967,21.9,0
ADMIN-01,Administrative Office,2026-08-23 01:43:37,228.4,0.61,139.32,1.9522,24.0,0
CLASS-01,Classroom 1,2026-08-23 01:43:37,230.8,0.45,103.86,0.9902,25.1,0
LAB-01,Computer Laboratory 1,2026-08-23 01:43:37,231.2,0.82,189.58,2.6559,22.6,0
LAB-02,Computer Laboratory 2,2026-08-23 01:43:37,231.1,0.71,164.08,2.6287,22.2,0
LIB-01,Library,2026-08-23 01:43:37,234.9,1.14,267.79,3.3636,22.0,0
ADMIN-01,Administrative Office,2026-08-23 01:58:37,234.4,0.81,189.86,1.9997,23.6,0
CLASS-01,Classroom 1,2026-08-23 01:58:37,228.6,0.39,89.15,1.0125,24.7,0
LAB-01,Computer Laboratory 1,2026-08-23 01:58:37,232.6,0.68,158.17,2.6954,23.0,0
LAB-02,Computer Laboratory 2,2026-08-23 01:58:37,228.0,0.88,200.64,2.6789,22.6,0
LIB-01,Library,2026-08-23 01:58:37,227.3,0.63,143.2,3.3994,22.1,0
ADMIN-01,Administrative Office,2026-08-23 02:13:37,229.8,0.89,204.52,2.0508,23.9,0
CLASS-01,Classroom 1,2026-08-23 02:13:37,228.7,0.47,107.49,1.0394,24.8,0
LAB-01,Computer Laboratory 1,2026-08-23 02:13:37,230.1,0.61,140.36,2.7305,23.0,0
LAB-02,Computer Laboratory 2,2026-08-23 02:13:37,231.5,1.12,259.28,2.7437,22.9,0
LIB-01,Library,2026-08-23 02:13:37,228.9,1.05,240.35,3.4595,22.3,0
ADMIN-01,Administrative Office,2026-08-23 02:28:37,229.5,0.75,172.12,2.0938,23.8,0
CLASS-01,Classroom 1,2026-08-23 02:28:37,229.4,0.45,103.23,1.0652,24.6,0
LAB-01,Computer Laboratory 1,2026-08-23 02:28:37,231.0,0.71,164.01,2.7715,22.9,0
LAB-02,Computer Laboratory 2,2026-08-23 02:28:37,227.0,0.81,183.87,2.7897,22.1,0
LIB-01,Library,2026-08-23 02:28:37,231.9,1.07,248.13,3.5215,21.9,0
ADMIN-01,Administrative Office,2026-08-23 02:43:37,229.7,0.65,149.31,2.1311,23.7,0
CLASS-01,Classroom 1,2026-08-23 02:43:37,228.3,0.47,107.3,1.092,24.5,0
LAB-01,Computer Laboratory 1,2026-08-23 02:43:37,228.7,0.92,210.4,2.8241,22.3,0
LAB-02,Computer Laboratory 2,2026-08-23 02:43:37,228.7,0.71,162.38,2.8303,22.2,0
LIB-01,Library,2026-08-23 02:43:37,226.7,0.68,154.16,3.56,22.3,0
ADMIN-01,Administrative Office,2026-08-23 02:58:37,233.4,0.77,179.72,2.176,24.0,0
CLASS-01,Classroom 1,2026-08-23 02:58:37,226.7,0.47,106.55,1.1186,25.3,0
LAB-01,Computer Laboratory 1,2026-08-23 02:58:37,228.7,1.16,265.29,2.8904,22.3,0
LAB-02,Computer Laboratory 2,2026-08-23 02:58:37,227.6,0.71,161.6,2.8707,22.4,0
LIB-01,Library,2026-08-23 02:58:37,228.4,1.14,260.38,3.6251,22.2,0
ADMIN-01,Administrative Office,2026-08-23 03:13:37,228.8,0.53,121.26,2.2063,23.3,0
CLASS-01,Classroom 1,2026-08-23 03:13:37,229.8,0.42,96.52,1.1427,24.7,0
LAB-01,Computer Laboratory 1,2026-08-23 03:13:37,229.8,1.06,243.59,2.9513,22.4,0
LAB-02,Computer Laboratory 2,2026-08-23 03:13:37,237.0,0.85,201.45,2.9211,23.0,0
LIB-01,Library,2026-08-23 03:13:37,228.6,0.76,173.74,3.6685,22.7,0
ADMIN-01,Administrative Office,2026-08-23 03:28:37,229.5,0.75,172.12,2.2493,23.5,0
CLASS-01,Classroom 1,2026-08-23 03:28:37,232.8,0.54,125.71,1.1741,24.9,0
LAB-01,Computer Laboratory 1,2026-08-23 03:28:37,229.3,0.74,169.68,2.9937,22.1,0
LAB-02,Computer Laboratory 2,2026-08-23 03:28:37,230.3,1.0,230.3,2.9787,22.6,0
LIB-01,Library,2026-08-23 03:28:37,232.2,0.65,150.93,3.7062,22.2,0
ADMIN-01,Administrative Office,2026-08-23 03:43:37,230.1,0.71,163.37,2.2901,23.2,0
CLASS-01,Classroom 1,2026-08-23 03:43:37,230.8,0.6,138.48,1.2087,25.2,0
LAB-01,Computer Laboratory 1,2026-08-23 03:43:37,230.3,1.09,251.03,3.0565,22.6,0
LAB-02,Computer Laboratory 2,2026-08-23 03:43:37,234.3,0.83,194.47,3.0273,22.5,0
LIB-01,Library,2026-08-23 03:43:37,225.8,0.7,158.06,3.7457,22.5,0
ADMIN-01,Administrative Office,2026-08-23 03:58:37,231.0,0.87,200.97,2.3403,23.6,0
CLASS-01,Classroom 1,2026-08-23 03:58:37,231.3,0.52,120.28,1.2388,25.0,0
LAB-01,Computer Laboratory 1,2026-08-23 03:58:37,231.7,0.99,229.38,3.1138,22.5,0
LAB-02,Computer Laboratory 2,2026-08-23 03:58:37,232.2,0.89,206.66,3.079,23.0,0
LIB-01,Library,2026-08-23 03:58:37,230.8,0.8,184.64,3.7919,22.7,0
ADMIN-01,Administrative Office,2026-08-23 04:13:37,234.6,0.62,145.45,2.3767,23.8,0
CLASS-01,Classroom 1,2026-08-23 04:13:37,229.8,0.57,130.99,1.2715,24.9,0
LAB-01,Computer Laboratory 1,2026-08-23 04:13:37,231.3,0.89,205.86,3.1653,22.3,0
LAB-02,Computer Laboratory 2,2026-08-23 04:13:37,230.8,1.01,233.11,3.1373,22.4,0
LIB-01,Library,2026-08-23 04:13:37,229.0,0.68,155.72,3.8308,22.9,0
ADMIN-01,Administrative Office,2026-08-23 04:28:37,229.2,0.59,135.23,2.4105,23.0,0
CLASS-01,Classroom 1,2026-08-23 04:28:37,226.8,0.53,120.2,1.3016,24.7,0
LAB-01,Computer Laboratory 1,2026-08-23 04:28:37,228.4,0.72,164.45,3.2064,23.0,0
LAB-02,Computer Laboratory 2,2026-08-23 04:28:37,224.3,0.86,192.9,3.1855,22.6,0
LIB-01,Library,2026-08-23 04:28:37,229.9,0.85,195.41,3.8797,22.6,0
ADMIN-01,Administrative Office,2026-08-23 04:43:37,231.3,0.73,168.85,2.4527,23.2,0
CLASS-01,Classroom 1,2026-08-23 04:43:37,235.2,0.54,127.01,1.3334,24.5,0
LAB-01,Computer Laboratory 1,2026-08-23 04:43:37,232.8,1.01,235.13,3.2652,22.5,0
LAB-02,Computer Laboratory 2,2026-08-23 04:43:37,228.1,1.08,246.35,3.2471,22.8,0
LIB-01,Library,2026-08-23 04:43:37,229.5,0.69,158.35,3.9193,21.9,0
ADMIN-01,Administrative Office,2026-08-23 04:58:37,222.6,0.49,109.07,2.48,23.6,0
CLASS-01,Classroom 1,2026-08-23 04:58:37,231.3,0.52,120.28,1.3635,24.6,0
LAB-01,Computer Laboratory 1,2026-08-23 04:58:37,227.3,1.17,265.94,3.3317,22.4,0
LAB-02,Computer Laboratory 2,2026-08-23 04:58:37,230.9,0.91,210.12,3.2996,22.3,0
LIB-01,Library,2026-08-23 04:58:37,230.9,0.92,212.43,3.9724,22.6,0
ADMIN-01,Administrative Office,2026-08-23 05:13:37,229.5,0.86,197.37,2.5293,23.1,0
CLASS-01,Classroom 1,2026-08-23 05:13:37,230.8,0.56,129.25,1.3958,25.0,0
LAB-01,Computer Laboratory 1,2026-08-23 05:13:37,226.8,0.83,188.24,3.3788,22.7,0
LAB-02,Computer Laboratory 2,2026-08-23 05:13:37,229.5,0.75,172.12,3.3426,22.7,0
LIB-01,Library,2026-08-23 05:13:37,229.6,1.1,252.56,4.0355,22.2,0
ADMIN-01,Administrative Office,2026-08-23 05:28:37,223.7,0.84,187.91,2.5763,23.2,0
CLASS-01,Classroom 1,2026-08-23 05:28:37,230.5,0.38,87.59,1.4177,24.7,0
LAB-01,Computer Laboratory 1,2026-08-23 05:28:37,232.8,0.9,209.52,3.4312,22.3,0
LAB-02,Computer Laboratory 2,2026-08-23 05:28:37,225.1,0.64,144.06,3.3786,23.0,0
LIB-01,Library,2026-08-23 05:28:37,230.5,1.04,239.72,4.0954,22.3,0
ADMIN-01,Administrative Office,2026-08-23 05:43:37,231.1,0.66,152.53,2.6144,23.2,0
CLASS-01,Classroom 1,2026-08-23 05:43:37,227.6,0.42,95.59,1.4416,24.6,0
LAB-01,Computer Laboratory 1,2026-08-23 05:43:37,228.4,0.89,203.28,3.482,22.8,0
LAB-02,Computer Laboratory 2,2026-08-23 05:43:37,230.8,0.7,161.56,3.419,22.7,0
LIB-01,Library,2026-08-23 05:43:37,229.5,0.65,149.18,4.1327,22.0,0
ADMIN-01,Administrative Office,2026-08-23 05:58:37,229.2,0.49,112.31,2.6425,23.5,0
CLASS-01,Classroom 1,2026-08-23 05:58:37,231.6,0.32,74.11,1.4601,24.5,0
LAB-01,Computer Laboratory 1,2026-08-23 05:58:37,228.5,1.09,249.07,3.5443,22.9,0
LAB-02,Computer Laboratory 2,2026-08-23 05:58:37,234.1,1.04,243.46,3.4799,22.4,0
LIB-01,Library,2026-08-23 05:58:37,230.2,1.09,250.92,4.1954,22.8,0
ADMIN-01,Administrative Office,2026-08-23 06:13:37,226.1,0.58,131.14,2.6753,23.3,0
CLASS-01,Classroom 1,2026-08-23 06:13:37,227.0,0.47,106.69,1.4868,25.2,0
LAB-01,Computer Laboratory 1,2026-08-23 06:13:37,232.7,0.95,221.06,3.5996,22.8,0
LAB-02,Computer Laboratory 2,2026-08-23 06:13:37,231.3,1.17,270.62,3.5476,22.3,0
LIB-01,Library,2026-08-23 06:13:37,224.4,0.91,204.2,4.2464,22.6,0
ADMIN-01,Administrative Office,2026-08-23 06:28:37,231.4,0.72,166.61,2.717,23.6,0
CLASS-01,Classroom 1,2026-08-23 06:28:37,231.1,0.36,83.2,1.5076,25.1,0
LAB-01,Computer Laboratory 1,2026-08-23 06:28:37,228.1,0.71,161.95,3.6401,22.1,0
LAB-02,Computer Laboratory 2,2026-08-23 06:28:37,234.0,1.14,266.76,3.6143,22.3,0
LIB-01,Library,2026-08-23 06:28:37,230.1,0.97,223.2,4.3022,22.1,0
ADMIN-01,Administrative Office,2026-08-23 06:43:37,230.7,0.75,173.02,2.7603,23.4,0
CLASS-01,Classroom 1,2026-08-23 06:43:37,230.2,0.6,138.12,1.5421,24.7,0
LAB-01,Computer Laboratory 1,2026-08-23 06:43:37,232.3,0.61,141.7,3.6755,22.1,0
LAB-02,Computer Laboratory 2,2026-08-23 06:43:37,229.0,0.83,190.07,3.6618,22.2,0
LIB-01,Library,2026-08-23 06:43:37,232.2,1.15,267.03,4.369,22.7,0
ADMIN-01,Administrative Office,2026-08-23 06:58:37,228.9,0.52,119.03,2.7901,23.5,0
CLASS-01,Classroom 1,2026-08-23 06:58:37,226.1,0.49,110.79,1.5698,24.8,0
LAB-01,Computer Laboratory 1,2026-08-23 06:58:37,224.9,0.63,141.69,3.7109,22.8,0
LAB-02,Computer Laboratory 2,2026-08-23 06:58:37,231.1,0.7,161.77,3.7022,22.2,0
LIB-01,Library,2026-08-23 06:58:37,228.6,0.88,201.17,4.4193,22.1,0
ADMIN-01,Administrative Office,2026-08-23 07:13:37,230.4,0.7,161.28,2.8304,24.0,0
CLASS-01,Classroom 1,2026-08-23 07:13:37,230.3,0.57,131.27,1.6026,24.4,0
LAB-01,Computer Laboratory 1,2026-08-23 07:13:37,227.2,0.84,190.85,3.7586,22.7,0
LAB-02,Computer Laboratory 2,2026-08-23 07:13:37,230.8,1.12,258.5,3.7668,22.9,0
LIB-01,Library,2026-08-23 07:13:37,232.2,0.76,176.47,4.4634,22.6,0
ADMIN-01,Administrative Office,2026-08-23 07:28:37,230.3,0.57,131.27,2.8632,23.1,0
CLASS-01,Classroom 1,2026-08-23 07:28:37,231.9,0.55,127.55,1.6345,24.4,0
LAB-01,Computer Laboratory 1,2026-08-23 07:28:37,226.6,0.99,224.33,3.8147,22.7,0
LAB-02,Computer Laboratory 2,2026-08-23 07:28:37,230.3,0.94,216.48,3.8209,22.5,0
LIB-01,Library,2026-08-23 07:28:37,232.0,1.19,276.08,4.5324,22.4,0
ADMIN-01,Administrative Office,2026-08-23 07:43:37,233.2,0.48,111.94,2.8912,23.3,0
CLASS-01,Classroom 1,2026-08-23 07:43:37,232.1,0.51,118.37,1.6641,24.7,0
LAB-01,Computer Laboratory 1,2026-08-23 07:43:37,226.1,1.06,239.67,3.8746,22.3,0
LAB-02,Computer Laboratory 2,2026-08-23 07:43:37,233.4,1.02,238.07,3.8804,22.9,0
LIB-01,Library,2026-08-23 07:43:37,233.5,0.79,184.47,4.5785,22.1,0
ADMIN-01,Administrative Office,2026-08-23 07:58:37,229.6,0.58,133.17,2.9245,23.7,0
CLASS-01,Classroom 1,2026-08-23 07:58:37,232.8,0.53,123.38,1.6949,25.2,0
LAB-01,Computer Laboratory 1,2026-08-23 07:58:37,229.9,0.68,156.33,3.9137,22.3,0
LAB-02,Computer Laboratory 2,2026-08-23 07:58:37,234.9,0.96,225.5,3.9368,22.4,0
LIB-01,Library,2026-08-23 07:58:37,230.4,0.92,211.97,4.6315,22.0,0
ADMIN-01,Administrative Office,2026-08-23 08:13:37,228.6,0.84,192.02,2.9725,23.8,0
CLASS-01,Classroom 1,2026-08-23 08:13:37,231.4,1.64,379.5,1.7898,24.9,4
LAB-01,Computer Laboratory 1,2026-08-23 08:13:37,227.6,2.29,521.2,4.044,22.2,0
LAB-02,Computer Laboratory 2,2026-08-23 08:13:37,229.7,2.17,498.45,4.0614,22.2,0
LIB-01,Library,2026-08-23 08:13:37,231.5,0.96,222.24,4.6871,22.2,0
ADMIN-01,Administrative Office,2026-08-23 08:28:37,232.4,0.56,130.14,3.005,23.6,0
CLASS-01,Classroom 1,2026-08-23 08:28:37,229.9,1.14,262.09,1.8553,24.8,1
LAB-01,Computer Laboratory 1,2026-08-23 08:28:37,229.1,4.5,1030.95,4.3017,22.5,4
LAB-02,Computer Laboratory 2,2026-08-23 08:28:37,232.0,3.7,858.4,4.276,23.2,3
LIB-01,Library,2026-08-23 08:28:37,228.6,1.03,235.46,4.746,22.5,0
ADMIN-01,Administrative Office,2026-08-23 08:43:37,222.5,0.8,178.0,3.0495,23.4,0
CLASS-01,Classroom 1,2026-08-23 08:43:37,233.5,1.78,415.63,1.9592,25.3,4
LAB-01,Computer Laboratory 1,2026-08-23 08:43:37,230.4,4.58,1055.23,4.5655,23.2,4
LAB-02,Computer Laboratory 2,2026-08-23 08:43:37,230.8,2.54,586.23,4.4226,22.9,1
LIB-01,Library,2026-08-23 08:43:37,230.7,0.76,175.33,4.7898,22.3,0
ADMIN-01,Administrative Office,2026-08-23 08:58:37,229.1,0.82,187.86,3.0965,23.6,0
CLASS-01,Classroom 1,2026-08-23 08:58:37,228.4,1.88,429.39,2.0665,25.4,4
LAB-01,Computer Laboratory 1,2026-08-23 08:58:37,231.5,4.44,1027.86,4.8225,23.1,4
LAB-02,Computer Laboratory 2,2026-08-23 08:58:37,225.9,3.43,774.84,4.6163,22.7,3
LIB-01,Library,2026-08-23 08:58:37,226.9,1.01,229.17,4.8471,22.0,0
ADMIN-01,Administrative Office,2026-08-23 09:13:37,227.6,1.74,396.02,3.1955,24.2,0
CLASS-01,Classroom 1,2026-08-23 09:13:37,230.9,1.57,362.51,2.1571,26.4,3
LAB-01,Computer Laboratory 1,2026-08-23 09:13:37,229.4,3.43,786.84,5.0192,24.4,2
LAB-02,Computer Laboratory 2,2026-08-23 09:13:37,229.9,2.87,659.81,4.7813,23.6,2
LIB-01,Library,2026-08-23 09:13:37,233.3,2.11,492.26,4.9702,23.0,1
ADMIN-01,Administrative Office,2026-08-23 09:28:37,230.3,2.11,485.93,3.317,24.5,1
CLASS-01,Classroom 1,2026-08-23 09:28:37,228.0,2.1,478.8,2.2768,26.2,6
LAB-01,Computer Laboratory 1,2026-08-23 09:28:37,234.1,3.75,877.88,5.2387,23.8,3
LAB-02,Computer Laboratory 2,2026-08-23 09:28:37,230.8,3.33,768.56,4.9734,23.5,2
LIB-01,Library,2026-08-23 09:28:37,230.4,2.77,638.21,5.1298,23.0,4
ADMIN-01,Administrative Office,2026-08-23 09:43:37,227.3,1.98,450.05,3.4295,24.6,1
CLASS-01,Classroom 1,2026-08-23 09:43:37,232.5,0.96,223.2,2.3326,26.2,0
LAB-01,Computer Laboratory 1,2026-08-23 09:43:37,229.0,3.62,828.98,5.4459,24.4,3
LAB-02,Computer Laboratory 2,2026-08-23 09:43:37,228.0,3.18,725.04,5.1547,23.9,2
LIB-01,Library,2026-08-23 09:43:37,227.8,3.0,683.4,5.3007,23.4,3
ADMIN-01,Administrative Office,2026-08-23 09:58:37,226.0,2.11,476.86,3.5487,24.2,0
CLASS-01,Classroom 1,2026-08-23 09:58:37,229.8,1.49,342.4,2.4182,26.7,2
LAB-01,Computer Laboratory 1,2026-08-23 09:58:37,224.5,3.77,846.37,5.6575,24.4,3
LAB-02,Computer Laboratory 2,2026-08-23 09:58:37,230.8,2.6,600.08,5.3047,23.5,1
LIB-01,Library,2026-08-23 09:58:37,235.6,2.26,532.46,5.4338,23.0,0
ADMIN-01,Administrative Office,2026-08-23 10:13:37,233.5,1.37,319.9,3.6287,24.9,0
CLASS-01,Classroom 1,2026-08-23 10:13:37,223.8,1.75,391.65,2.5161,26.4,5
LAB-01,Computer Laboratory 1,2026-08-23 10:13:37,230.5,2.54,585.47,5.8039,24.3,1
LAB-02,Computer Laboratory 2,2026-08-23 10:13:37,231.0,3.41,787.71,5.5016,23.6,2
LIB-01,Library,2026-08-23 10:13:37,227.9,2.04,464.92,5.55,23.6,1
ADMIN-01,Administrative Office,2026-08-23 10:28:37,229.1,2.11,483.4,3.7495,24.4,1
CLASS-01,Classroom 1,2026-08-23 10:28:37,234.7,1.83,429.5,2.6235,26.7,4
LAB-01,Computer Laboratory 1,2026-08-23 10:28:37,230.7,1.8,415.26,5.9077,24.2,0
LAB-02,Computer Laboratory 2,2026-08-23 10:28:37,231.1,2.35,543.09,5.6374,23.9,0
LIB-01,Library,2026-08-23 10:28:37,229.1,2.14,490.27,5.6726,23.4,1
ADMIN-01,Administrative Office,2026-08-23 10:43:37,234.0,2.2,514.8,3.8782,24.2,1
CLASS-01,Classroom 1,2026-08-23 10:43:37,228.5,2.22,507.27,2.7503,26.8,6
LAB-01,Computer Laboratory 1,2026-08-23 10:43:37,232.1,2.46,570.97,6.0504,23.4,1
LAB-02,Computer Laboratory 2,2026-08-23 10:43:37,231.3,3.51,811.86,5.8404,23.9,3
LIB-01,Library,2026-08-23 10:43:37,231.7,2.37,549.13,5.8099,22.9,0
ADMIN-01,Administrative Office,2026-08-23 10:58:37,230.1,1.94,446.39,3.9898,25.0,0
CLASS-01,Classroom 1,2026-08-23 10:58:37,231.1,0.83,191.81,2.7983,26.8,0
LAB-01,Computer Laboratory 1,2026-08-23 10:58:37,230.7,2.76,636.73,6.2096,23.6,1
LAB-02,Computer Laboratory 2,2026-08-23 10:58:37,230.7,2.72,627.5,5.9973,24.3,1
LIB-01,Library,2026-08-23 10:58:37,229.8,3.22,739.96,5.9949,23.6,5
ADMIN-01,Administrative Office,2026-08-23 11:13:37,230.2,1.92,441.98,4.1003,24.1,1
CLASS-01,Classroom 1,2026-08-23 11:13:37,232.5,1.78,413.85,2.9018,26.8,5
LAB-01,Computer Laboratory 1,2026-08-23 11:13:37,229.9,1.66,381.63,6.305,23.6,0
LAB-02,Computer Laboratory 2,2026-08-23 11:13:37,224.9,2.73,613.98,6.1508,24.2,1
LIB-01,Library,2026-08-23 11:13:37,231.7,2.28,528.28,6.127,23.5,2
ADMIN-01,Administrative Office,2026-08-23 11:28:37,227.8,2.09,476.1,4.2193,24.6,1
CLASS-01,Classroom 1,2026-08-23 11:28:37,235.5,1.61,379.16,2.9966,26.1,3
LAB-01,Computer Laboratory 1,2026-08-23 11:28:37,232.8,3.68,856.7,6.5192,23.6,3
LAB-02,Computer Laboratory 2,2026-08-23 11:28:37,230.6,3.19,735.61,6.3347,24.0,2
LIB-01,Library,2026-08-23 11:28:37,230.4,3.1,714.24,6.3056,23.8,5
ADMIN-01,Administrative Office,2026-08-23 11:43:37,236.2,1.86,439.33,4.3291,24.7,0
CLASS-01,Classroom 1,2026-08-23 11:43:37,233.4,1.14,266.08,3.0631,26.1,1
LAB-01,Computer Laboratory 1,2026-08-23 11:43:37,233.5,1.95,455.32,6.633,24.0,0
LAB-02,Computer Laboratory 2,2026-08-23 11:43:37,233.2,3.31,771.89,6.5277,23.7,2
LIB-01,Library,2026-08-23 11:43:37,224.8,2.5,562.0,6.4461,23.7,3
ADMIN-01,Administrative Office,2026-08-23 11:58:37,225.3,1.83,412.3,4.4322,25.0,0
CLASS-01,Classroom 1,2026-08-23 11:58:37,225.6,2.06,464.74,3.1793,26.2,5
LAB-01,Computer Laboratory 1,2026-08-23 11:58:37,228.9,2.61,597.43,6.7824,23.5,1
LAB-02,Computer Laboratory 2,2026-08-23 11:58:37,232.2,3.06,710.53,6.7053,23.7,2
LIB-01,Library,2026-08-23 11:58:37,231.8,3.14,727.85,6.6281,23.0,4
ADMIN-01,Administrative Office,2026-08-23 12:13:37,231.1,1.39,321.23,4.5125,26.1,0
CLASS-01,Classroom 1,2026-08-23 12:13:37,231.7,1.5,347.55,3.2662,29.1,3
LAB-01,Computer Laboratory 1,2026-08-23 12:13:37,231.2,2.64,610.37,6.935,26.2,1
LAB-02,Computer Laboratory 2,2026-08-23 12:13:37,229.9,2.44,560.96,6.8455,25.5,1
LIB-01,Library,2026-08-23 12:13:37,233.9,2.41,563.7,6.769,24.3,2
ADMIN-01,Administrative Office,2026-08-23 12:28:37,230.5,1.24,285.82,4.584,26.2,0
CLASS-01,Classroom 1,2026-08-23 12:28:37,230.6,1.86,428.92,3.3734,28.8,4
LAB-01,Computer Laboratory 1,2026-08-23 12:28:37,231.2,2.47,571.06,7.0778,25.4,1
LAB-02,Computer Laboratory 2,2026-08-23 12:28:37,230.2,2.66,612.33,6.9986,26.0,1
LIB-01,Library,2026-08-23 12:28:37,232.3,2.2,511.06,6.8968,24.3,0
ADMIN-01,Administrative Office,2026-08-23 12:43:37,226.3,1.73,391.5,4.6819,26.0,0
CLASS-01,Classroom 1,2026-08-23 12:43:37,227.4,2.09,475.27,3.4922,29.3,6
LAB-01,Computer Laboratory 1,2026-08-23 12:43:37,234.9,2.35,552.01,7.2158,25.5,1
LAB-02,Computer Laboratory 2,2026-08-23 12:43:37,228.1,2.51,572.53,7.1417,26.0,1
LIB-01,Library,2026-08-23 12:43:37,228.4,3.27,746.87,7.0835,24.3,4
ADMIN-01,Administrative Office,2026-08-23 12:58:37,225.3,2.15,484.39,4.803,26.4,0
CLASS-01,Classroom 1,2026-08-23 12:58:37,230.4,2.15,495.36,3.616,28.5,6
LAB-01,Computer Laboratory 1,2026-08-23 12:58:37,227.8,2.55,580.89,7.361,25.6,1
LAB-02,Computer Laboratory 2,2026-08-23 12:58:37,227.1,3.64,826.64,7.3484,25.9,3
LIB-01,Library,2026-08-23 12:58:37,230.6,1.77,408.16,7.1855,24.7,0
ADMIN-01,Administrative Office,2026-08-23 13:13:37,232.3,1.98,459.95,4.918,25.8,1
CLASS-01,Classroom 1,2026-08-23 13:13:37,230.5,2.22,511.71,3.7439,29.2,6
LAB-01,Computer Laboratory 1,2026-08-23 13:13:37,235.1,2.45,576.0,7.505,26.0,0
LAB-02,Computer Laboratory 2,2026-08-23 13:13:37,228.7,2.82,644.93,7.5096,25.2,0
LIB-01,Library,2026-08-23 13:13:37,231.7,2.89,669.61,7.3529,25.0,4
ADMIN-01,Administrative Office,2026-08-23 13:28:37,232.4,1.25,290.5,4.9906,26.2,0
CLASS-01,Classroom 1,2026-08-23 13:28:37,230.8,2.16,498.53,3.8685,29.1,6
LAB-01,Computer Laboratory 1,2026-08-23 13:28:37,226.5,3.98,901.47,7.7304,25.8,3
LAB-02,Computer Laboratory 2,2026-08-23 13:28:37,230.7,3.6,830.52,7.7172,26.0,3
LIB-01,Library,2026-08-23 13:28:37,231.6,2.87,664.69,7.5191,24.5,3
ADMIN-01,Administrative Office,2026-08-23 13:43:37,228.1,1.62,369.52,5.083,25.8,0
CLASS-01,Classroom 1,2026-08-23 13:43:37,229.9,0.92,211.51,3.9214,29.0,0
LAB-01,Computer Laboratory 1,2026-08-23 13:43:37,226.7,3.25,736.77,7.9146,25.3,2
LAB-02,Computer Laboratory 2,2026-08-23 13:43:37,227.0,3.21,728.67,7.8994,25.9,2
LIB-01,Library,2026-08-23 13:43:37,231.2,2.73,631.18,7.6769,24.4,2
ADMIN-01,Administrative Office,2026-08-23 13:58:37,231.5,1.92,444.48,5.1941,26.0,1
CLASS-01,Classroom 1,2026-08-23 13:58:37,232.5,1.6,372.0,4.0144,29.3,4
LAB-01,Computer Laboratory 1,2026-08-23 13:58:37,228.7,3.58,818.75,8.1193,26.2,3
LAB-02,Computer Laboratory 2,2026-08-23 13:58:37,233.6,2.87,670.43,8.067,25.6,0
LIB-01,Library,2026-08-23 13:58:37,227.8,2.73,621.89,7.8324,24.3,3
ADMIN-01,Administrative Office,2026-08-23 14:13:37,231.4,2.04,472.06,5.3121,25.5,0
CLASS-01,Classroom 1,2026-08-23 14:13:37,226.0,1.48,334.48,4.098,28.5,0
LAB-01,Computer Laboratory 1,2026-08-23 14:13:37,231.6,2.32,537.31,8.2536,26.0,0
LAB-02,Computer Laboratory 2,2026-08-23 14:13:37,229.6,2.38,546.45,8.2036,26.0,1
LIB-01,Library,2026-08-23 14:13:37,229.7,3.06,702.88,8.0081,24.2,4
ADMIN-01,Administrative Office,2026-08-23 14:28:37,227.3,2.13,484.15,5.4331,25.8,1
CLASS-01,Classroom 1,2026-08-23 14:28:37,230.6,1.27,292.86,4.1712,28.7,2
LAB-01,Computer Laboratory 1,2026-08-23 14:28:37,232.5,2.86,664.95,8.4198,25.3,2
LAB-02,Computer Laboratory 2,2026-08-23 14:28:37,227.2,2.99,679.33,8.3734,25.7,2
LIB-01,Library,2026-08-23 14:28:37,232.4,3.08,715.79,8.187,24.4,5
ADMIN-01,Administrative Office,2026-08-23 14:43:37,228.1,2.09,476.73,5.5523,26.5,0
CLASS-01,Classroom 1,2026-08-23 14:43:37,229.6,1.62,371.95,4.2642,28.4,3
LAB-01,Computer Laboratory 1,2026-08-23 14:43:37,225.7,2.48,559.74,8.5597,26.1,1
LAB-02,Computer Laboratory 2,2026-08-23 14:43:37,230.9,3.9,900.51,8.5985,25.8,3
LIB-01,Library,2026-08-23 14:43:37,233.5,3.01,702.83,8.3627,24.0,3
ADMIN-01,Administrative Office,2026-08-23 14:58:37,231.7,1.88,435.6,5.6612,26.2,0
CLASS-01,Classroom 1,2026-08-23 14:58:37,230.3,1.17,269.45,4.3316,28.5,0
LAB-01,Computer Laboratory 1,2026-08-23 14:58:37,226.4,3.71,839.94,8.7697,26.2,3
LAB-02,Computer Laboratory 2,2026-08-23 14:58:37,227.8,3.02,687.96,8.7705,26.2,2
LIB-01,Library,2026-08-23 14:58:37,233.1,2.17,505.83,8.4892,24.4,1
ADMIN-01,Administrative Office,2026-08-23 15:13:37,229.5,2.11,484.24,5.7823,26.6,1
CLASS-01,Classroom 1,2026-08-23 15:13:37,233.6,1.27,296.67,4.4058,29.1,2
LAB-01,Computer Laboratory 1,2026-08-23 15:13:37,232.7,4.53,1054.13,9.0332,26.0,4
LAB-02,Computer Laboratory 2,2026-08-23 15:13:37,231.5,2.84,657.46,8.9349,25.5,2
LIB-01,Library,2026-08-23 15:13:37,229.3,2.67,612.23,8.6423,24.4,2
ADMIN-01,Administrative Office,2026-08-23 15:28:37,229.2,1.64,375.89,5.8763,25.7,0
CLASS-01,Classroom 1,2026-08-23 15:28:37,230.7,1.46,336.82,4.49,28.7,0
LAB-01,Computer Laboratory 1,2026-08-23 15:28:37,231.6,3.94,912.5,9.2613,26.1,4
LAB-02,Computer Laboratory 2,2026-08-23 15:28:37,226.4,1.96,443.74,9.0458,26.1,0
LIB-01,Library,2026-08-23 15:28:37,232.2,2.77,643.19,8.8031,24.5,4
ADMIN-01,Administrative Office,2026-08-23 15:43:37,231.0,1.7,392.7,5.9745,25.9,0
CLASS-01,Classroom 1,2026-08-23 15:43:37,229.1,2.1,481.11,4.6103,28.5,6
LAB-01,Computer Laboratory 1,2026-08-23 15:43:37,234.4,2.54,595.38,9.4101,25.4,0
LAB-02,Computer Laboratory 2,2026-08-23 15:43:37,231.4,2.56,592.38,9.1939,25.5,1
LIB-01,Library,2026-08-23 15:43:37,233.1,2.06,480.19,8.9231,24.5,1
ADMIN-01,Administrative Office,2026-08-23 15:58:37,231.0,1.22,281.82,6.045,26.2,0
CLASS-01,Classroom 1,2026-08-23 15:58:37,230.4,1.25,288.0,4.6823,28.6,1
LAB-01,Computer Laboratory 1,2026-08-23 15:58:37,229.5,4.15,952.43,9.6482,26.0,4
LAB-02,Computer Laboratory 2,2026-08-23 15:58:37,234.1,3.74,875.53,9.4128,25.8,3
LIB-01,Library,2026-08-23 15:58:37,229.7,2.46,565.06,9.0644,24.8,1
ADMIN-01,Administrative Office,2026-08-23 16:13:37,227.2,2.14,486.21,6.1666,26.2,1
CLASS-01,Classroom 1,2026-08-23 16:13:37,226.4,0.49,110.94,4.71,28.9,0
LAB-01,Computer Laboratory 1,2026-08-23 16:13:37,229.5,4.33,993.74,9.8966,26.2,4
LAB-02,Computer Laboratory 2,2026-08-23 16:13:37,230.9,3.46,798.91,9.6125,26.1,3
LIB-01,Library,2026-08-23 16:13:37,229.2,2.47,566.12,9.2059,24.4,2
ADMIN-01,Administrative Office,2026-08-23 16:28:37,228.8,2.23,510.22,6.2942,25.8,1
CLASS-01,Classroom 1,2026-08-23 16:28:37,229.1,0.56,128.3,4.7421,28.6,0
LAB-01,Computer Laboratory 1,2026-08-23 16:28:37,228.2,3.77,860.31,10.1117,25.4,3
LAB-02,Computer Laboratory 2,2026-08-23 16:28:37,229.4,2.96,679.02,9.7823,25.4,2
LIB-01,Library,2026-08-23 16:28:37,226.6,2.59,586.89,9.3526,24.3,3
ADMIN-01,Administrative Office,2026-08-23 16:43:37,230.2,1.95,448.89,6.4064,26.2,0
CLASS-01,Classroom 1,2026-08-23 16:43:37,228.9,0.49,112.16,4.7701,28.8,0
LAB-01,Computer Laboratory 1,2026-08-23 16:43:37,230.7,2.49,574.44,10.2553,25.6,1
LAB-02,Computer Laboratory 2,2026-08-23 16:43:37,229.6,2.68,615.33,9.9361,25.6,1
LIB-01,Library,2026-08-23 16:43:37,228.7,3.22,736.41,9.5367,24.7,4
ADMIN-01,Administrative Office,2026-08-23 16:58:37,231.1,1.81,418.29,6.511,26.3,0
CLASS-01,Classroom 1,2026-08-23 16:58:37,232.4,0.4,92.96,4.7933,28.8,0
LAB-01,Computer Laboratory 1,2026-08-23 16:58:37,229.7,3.1,712.07,10.4333,25.3,2
LAB-02,Computer Laboratory 2,2026-08-23 16:58:37,229.8,2.77,636.55,10.0952,26.0,1
LIB-01,Library,2026-08-23 16:58:37,222.9,3.06,682.07,9.7072,24.3,5
ADMIN-01,Administrative Office,2026-08-23 17:13:37,229.0,1.95,446.55,6.6226,24.4,1
CLASS-01,Classroom 1,2026-08-23 17:13:37,228.1,0.57,130.02,4.8258,26.1,0
LAB-01,Computer Laboratory 1,2026-08-23 17:13:37,234.8,2.76,648.05,10.5953,24.3,1
LAB-02,Computer Laboratory 2,2026-08-23 17:13:37,230.9,2.85,658.07,10.2597,24.0,2
LIB-01,Library,2026-08-23 17:13:37,230.0,3.38,777.4,9.9015,23.4,5
ADMIN-01,Administrative Office,2026-08-23 17:28:37,228.2,1.47,335.45,6.7065,24.2,0
CLASS-01,Classroom 1,2026-08-23 17:28:37,232.0,0.49,113.68,4.8542,26.3,0
LAB-01,Computer Laboratory 1,2026-08-23 17:28:37,232.7,3.91,909.86,10.8228,24.5,3
LAB-02,Computer Laboratory 2,2026-08-23 17:28:37,230.6,2.35,541.91,10.3952,23.7,1
LIB-01,Library,2026-08-23 17:28:37,226.5,3.17,718.0,10.081,23.6,5
